n_receipts,n_anomalies,percent
19,1,0.05263157894736842
12,2,0.16666666666666666
3,0,0.0
27,1,0.037037037037037035
2,0,0.0
36,0,0.0
2,0,0.0
1,0,0.0
6,0,0.0
2,0,0.0
8,0,0.0
5,1,0.2
14,0,0.0
1,0,0.0
30,0,0.0
22,0,0.0
29,8,0.27586206896551724
12,0,0.0
1,0,0.0
8,0,0.0
34,5,0.14705882352941177
10,1,0.1
1,1,1.0
16,2,0.125
1,0,0.0
7,5,0.7142857142857143
90,1,0.011111111111111112
4,1,0.25
26,5,0.19230769230769232
8,0,0.0
11,0,0.0
4,1,0.25
27,2,0.07407407407407407
13,4,0.3076923076923077
8,4,0.5
194,5,0.02577319587628866
21,1,0.047619047619047616
4,0,0.0
2,0,0.0
21,0,0.0
18,0,0.0
3,3,1.0
3,0,0.0
6,1,0.16666666666666666
18,0,0.0
5,1,0.2
1,0,0.0
1,1,1.0
9,0,0.0
8,8,1.0
14,2,0.14285714285714285
2,0,0.0
4,0,0.0
52,21,0.40384615384615385
16,0,0.0
38,0,0.0
2,2,1.0
1,1,1.0
5,4,0.8
17,10,0.5882352941176471
47,2,0.0425531914893617
5,1,0.2
21,0,0.0
23,13,0.5652173913043478
23,11,0.4782608695652174
3,1,0.3333333333333333
2,0,0.0
1,1,1.0
11,1,0.09090909090909091
12,10,0.8333333333333334
2,0,0.0
7,0,0.0
8,0,0.0
2,0,0.0
18,0,0.0
1,0,0.0
9,1,0.1111111111111111
2,1,0.5
2,0,0.0
1,0,0.0
20,17,0.85
17,0,0.0
1,0,0.0
4,1,0.25
18,1,0.05555555555555555
1,1,1.0
3,0,0.0
3,0,0.0
1,0,0.0
1,0,0.0
1,1,1.0
2,1,0.5
7,0,0.0
2,1,0.5
6,0,0.0
22,2,0.09090909090909091
36,3,0.08333333333333333
41,6,0.14634146341463414
17,4,0.23529411764705882
5,0,0.0
2,0,0.0
16,0,0.0
21,4,0.19047619047619047
44,2,0.045454545454545456
1,0,0.0
3,0,0.0
18,0,0.0
8,0,0.0
27,0,0.0
21,0,0.0
12,0,0.0
6,0,0.0
2,0,0.0
30,27,0.9
11,0,0.0
6,0,0.0
23,0,0.0
2,0,0.0
1,0,0.0
11,0,0.0
6,0,0.0
11,11,1.0
27,13,0.48148148148148145
2,0,0.0
7,2,0.2857142857142857
21,9,0.42857142857142855
5,0,0.0
23,0,0.0
12,2,0.16666666666666666
9,3,0.3333333333333333
19,1,0.05263157894736842
10,1,0.1
10,4,0.4
6,0,0.0
117,60,0.5128205128205128
6,0,0.0
18,3,0.16666666666666666
37,27,0.7297297297297297
9,0,0.0
6,0,0.0
21,4,0.19047619047619047
8,2,0.25
3,0,0.0
6,1,0.16666666666666666
3,0,0.0
4,3,0.75
3,0,0.0
8,0,0.0
11,0,0.0
13,13,1.0
1,0,0.0
13,0,0.0
20,7,0.35
5,1,0.2
2,0,0.0
24,0,0.0
17,0,0.0
5,0,0.0
11,0,0.0
21,9,0.42857142857142855
7,0,0.0
23,0,0.0
3,0,0.0
2,0,0.0
5,0,0.0
9,0,0.0
1,0,0.0
24,19,0.7916666666666666
13,2,0.15384615384615385
7,5,0.7142857142857143
5,0,0.0
9,4,0.4444444444444444
22,0,0.0
1,0,0.0
12,1,0.08333333333333333
25,3,0.12
11,0,0.0
24,0,0.0
7,0,0.0
6,3,0.5
18,5,0.2777777777777778
19,0,0.0
2,0,0.0
16,11,0.6875
15,0,0.0
5,3,0.6
23,1,0.043478260869565216
9,1,0.1111111111111111
6,0,0.0
3,3,1.0
1,0,0.0
7,0,0.0
1,0,0.0
4,0,0.0
3,0,0.0
23,0,0.0
26,2,0.07692307692307693
2,0,0.0
1,0,0.0
4,1,0.25
6,0,0.0
7,7,1.0
26,0,0.0
19,0,0.0
7,0,0.0
2,1,0.5
3,0,0.0
7,7,1.0
4,0,0.0
9,0,0.0
4,0,0.0
3,0,0.0
3,2,0.6666666666666666
9,2,0.2222222222222222
6,0,0.0
15,1,0.06666666666666667
4,1,0.25
4,1,0.25
2,0,0.0
26,1,0.038461538461538464
6,0,0.0
1,0,0.0
3,0,0.0
1,0,0.0
6,0,0.0
21,0,0.0
1,1,1.0
26,16,0.6153846153846154
12,0,0.0
3,2,0.6666666666666666
11,1,0.09090909090909091
17,0,0.0
4,0,0.0
1,0,0.0
17,1,0.058823529411764705
2,0,0.0
1,1,1.0
5,0,0.0
15,0,0.0
21,0,0.0
2,2,1.0
13,1,0.07692307692307693
20,5,0.25
9,0,0.0
16,5,0.3125
28,1,0.03571428571428571
7,7,1.0
11,0,0.0
4,0,0.0
5,1,0.2
25,3,0.12
21,6,0.2857142857142857
5,0,0.0
9,0,0.0
2,2,1.0
6,0,0.0
27,0,0.0
22,0,0.0
9,0,0.0
5,0,0.0
24,6,0.25
7,2,0.2857142857142857
1,0,0.0
17,0,0.0
4,0,0.0
3,0,0.0
16,0,0.0
16,0,0.0
24,0,0.0
2,0,0.0
11,0,0.0
7,0,0.0
19,8,0.42105263157894735
310,130,0.41935483870967744
22,0,0.0
1,0,0.0
11,1,0.09090909090909091
29,19,0.6551724137931034
19,10,0.5263157894736842
2,1,0.5
137,0,0.0
2,0,0.0
3,2,0.6666666666666666
24,11,0.4583333333333333
2,2,1.0
5,5,1.0
25,0,0.0
9,0,0.0
19,3,0.15789473684210525
9,0,0.0
8,3,0.375
13,2,0.15384615384615385
12,0,0.0
1,0,0.0
2,0,0.0
2,1,0.5
5,0,0.0
24,0,0.0
1,0,0.0
4,0,0.0
9,0,0.0
22,15,0.6818181818181818
36,2,0.05555555555555555
5,1,0.2
20,3,0.15
1,1,1.0
4,0,0.0
4,0,0.0
24,0,0.0
3,0,0.0
16,2,0.125
1,0,0.0
5,0,0.0
11,3,0.2727272727272727
3,0,0.0
10,1,0.1
15,0,0.0
31,2,0.06451612903225806
1,0,0.0
10,0,0.0
1,0,0.0
11,0,0.0
2,0,0.0
10,0,0.0
6,0,0.0
3,1,0.3333333333333333
2,0,0.0
17,0,0.0
5,0,0.0
13,4,0.3076923076923077
21,7,0.3333333333333333
2,0,0.0
8,7,0.875
19,0,0.0
37,4,0.10810810810810811
7,0,0.0
6,1,0.16666666666666666
25,0,0.0
6,1,0.16666666666666666
15,9,0.6
14,0,0.0
34,0,0.0
18,0,0.0
5,0,0.0
20,2,0.1
4,0,0.0
18,0,0.0
54,14,0.25925925925925924
45,0,0.0
5,1,0.2
3,2,0.6666666666666666
3,0,0.0
9,1,0.1111111111111111
3,3,1.0
13,0,0.0
5,0,0.0
5,0,0.0
20,8,0.4
3,1,0.3333333333333333
11,0,0.0
12,1,0.08333333333333333
3,1,0.3333333333333333
5,0,0.0
14,0,0.0
1,0,0.0
2,2,1.0
2,0,0.0
8,0,0.0
17,0,0.0
3,0,0.0
104,17,0.16346153846153846
4,3,0.75
5,2,0.4
1,0,0.0
1,0,0.0
1,0,0.0
18,11,0.6111111111111112
3,0,0.0
1,0,0.0
153,1,0.006535947712418301
20,1,0.05
25,0,0.0
6,0,0.0
16,0,0.0
17,10,0.5882352941176471
22,0,0.0
104,39,0.375
19,0,0.0
19,0,0.0
231,1,0.004329004329004329
15,0,0.0
19,0,0.0
19,0,0.0
2,2,1.0
8,0,0.0
16,1,0.0625
1,1,1.0
19,0,0.0
15,1,0.06666666666666667
4,0,0.0
1,0,0.0
7,0,0.0
26,21,0.8076923076923077
1,0,0.0
9,0,0.0
12,0,0.0
1,0,0.0
22,1,0.045454545454545456
19,0,0.0
7,0,0.0
5,3,0.6
33,2,0.06060606060606061
7,1,0.14285714285714285
9,9,1.0
2,0,0.0
15,0,0.0
1,0,0.0
3,3,1.0
18,1,0.05555555555555555
1,0,0.0
10,0,0.0
10,0,0.0
4,0,0.0
15,1,0.06666666666666667
5,1,0.2
7,1,0.14285714285714285
3,0,0.0
4,0,0.0
17,0,0.0
12,0,0.0
38,36,0.9473684210526315
10,0,0.0
12,0,0.0
16,1,0.0625
6,5,0.8333333333333334
2,2,1.0
1,0,0.0
7,0,0.0
23,19,0.8260869565217391
21,20,0.9523809523809523
24,0,0.0
21,0,0.0
4,1,0.25
14,2,0.14285714285714285
14,0,0.0
32,32,1.0
1,0,0.0
3,3,1.0
1,1,1.0
24,1,0.041666666666666664
1,0,0.0
16,1,0.0625
8,1,0.125
29,3,0.10344827586206896
2,0,0.0
4,0,0.0
11,0,0.0
10,0,0.0
7,2,0.2857142857142857
2,0,0.0
13,12,0.9230769230769231
19,0,0.0
4,0,0.0
14,5,0.35714285714285715
1,0,0.0
5,0,0.0
17,0,0.0
30,0,0.0
229,181,0.7903930131004366
3,0,0.0
5,2,0.4
23,0,0.0
2,2,1.0
28,0,0.0
23,0,0.0
20,17,0.85
7,0,0.0
1,0,0.0
25,8,0.32
25,15,0.6
10,0,0.0
2,2,1.0
23,1,0.043478260869565216
17,3,0.17647058823529413
5,0,0.0
17,4,0.23529411764705882
6,0,0.0
8,0,0.0
1,0,0.0
32,0,0.0
3,2,0.6666666666666666
5,0,0.0
4,0,0.0
61,17,0.2786885245901639
7,0,0.0
16,4,0.25
10,0,0.0
26,0,0.0
24,0,0.0
21,5,0.23809523809523808
73,2,0.0273972602739726
3,0,0.0
1,0,0.0
11,0,0.0
8,0,0.0
13,1,0.07692307692307693
11,4,0.36363636363636365
4,0,0.0
15,6,0.4
21,0,0.0
1,0,0.0
8,3,0.375
5,1,0.2
24,1,0.041666666666666664
26,0,0.0
11,0,0.0
2,0,0.0
3,1,0.3333333333333333
1,0,0.0
1,0,0.0
1,0,0.0
26,22,0.8461538461538461
14,3,0.21428571428571427
3,0,0.0
7,0,0.0
23,19,0.8260869565217391
171,4,0.023391812865497075
13,3,0.23076923076923078
4,3,0.75
3,0,0.0
3,2,0.6666666666666666
9,0,0.0
15,1,0.06666666666666667
5,1,0.2
14,0,0.0
1,1,1.0
24,0,0.0
203,17,0.08374384236453201
11,0,0.0
9,0,0.0
10,0,0.0
22,2,0.09090909090909091
1,0,0.0
26,0,0.0
18,0,0.0
19,0,0.0
11,5,0.45454545454545453
79,76,0.9620253164556962
7,0,0.0
23,17,0.7391304347826086
1,0,0.0
3,0,0.0
3,3,1.0
12,0,0.0
2,1,0.5
8,0,0.0
191,9,0.04712041884816754
47,8,0.1702127659574468
7,0,0.0
2,0,0.0
27,5,0.18518518518518517
18,1,0.05555555555555555
22,2,0.09090909090909091
8,2,0.25
23,15,0.6521739130434783
10,0,0.0
1,1,1.0
16,2,0.125
7,0,0.0
2,1,0.5
5,3,0.6
27,0,0.0
1,1,1.0
26,22,0.8461538461538461
4,0,0.0
2,0,0.0
1,0,0.0
25,24,0.96
7,1,0.14285714285714285
6,0,0.0
2,0,0.0
2,0,0.0
18,0,0.0
4,0,0.0
13,4,0.3076923076923077
1,0,0.0
11,0,0.0
8,0,0.0
10,0,0.0
20,0,0.0
22,0,0.0
12,6,0.5
11,0,0.0
5,1,0.2
1,0,0.0
8,0,0.0
24,8,0.3333333333333333
14,6,0.42857142857142855
5,2,0.4
15,6,0.4
13,0,0.0
27,20,0.7407407407407407
19,6,0.3157894736842105
1,0,0.0
16,1,0.0625
11,0,0.0
3,0,0.0
15,4,0.26666666666666666
1,0,0.0
29,1,0.034482758620689655
3,0,0.0
29,0,0.0
8,7,0.875
11,1,0.09090909090909091
13,6,0.46153846153846156
5,1,0.2
3,0,0.0
2,2,1.0
11,1,0.09090909090909091
2,1,0.5
16,13,0.8125
2,0,0.0
18,6,0.3333333333333333
5,0,0.0
110,4,0.03636363636363636
10,0,0.0
17,2,0.11764705882352941
7,0,0.0
1,1,1.0
13,0,0.0
36,0,0.0
31,1,0.03225806451612903
2,2,1.0
18,14,0.7777777777777778
221,61,0.27601809954751133
2,1,0.5
25,20,0.8
10,0,0.0
20,1,0.05
15,2,0.13333333333333333
3,0,0.0
32,0,0.0
14,5,0.35714285714285715
20,0,0.0
8,0,0.0
12,0,0.0
10,0,0.0
52,11,0.21153846153846154
1,0,0.0
2,0,0.0
3,3,1.0
6,0,0.0
5,0,0.0
12,5,0.4166666666666667
1,0,0.0
2,0,0.0
1,0,0.0
12,1,0.08333333333333333
13,0,0.0
1,0,0.0
21,6,0.2857142857142857
3,3,1.0
26,0,0.0
343,130,0.37900874635568516
9,2,0.2222222222222222
26,0,0.0
8,0,0.0
21,4,0.19047619047619047
47,0,0.0
1,0,0.0
15,3,0.2
6,0,0.0
8,4,0.5
27,23,0.8518518518518519
13,7,0.5384615384615384
22,2,0.09090909090909091
17,0,0.0
2,0,0.0
14,8,0.5714285714285714
22,11,0.5
8,2,0.25
3,0,0.0
1,0,0.0
14,0,0.0
17,0,0.0
4,0,0.0
8,0,0.0
8,0,0.0
21,5,0.23809523809523808
11,0,0.0
14,0,0.0
15,0,0.0
13,0,0.0
18,5,0.2777777777777778
12,2,0.16666666666666666
11,0,0.0
7,0,0.0
11,0,0.0
4,2,0.5
1,0,0.0
21,0,0.0
2,0,0.0
1,0,0.0
3,1,0.3333333333333333
22,0,0.0
7,0,0.0
22,22,1.0
12,8,0.6666666666666666
19,2,0.10526315789473684
24,12,0.5
2,0,0.0
11,11,1.0
11,0,0.0
1,0,0.0
1,0,0.0
6,0,0.0
20,0,0.0
15,1,0.06666666666666667
108,2,0.018518518518518517
1,0,0.0
17,0,0.0
28,0,0.0
7,0,0.0
4,3,0.75
5,0,0.0
1,1,1.0
13,1,0.07692307692307693
1,0,0.0
24,8,0.3333333333333333
59,59,1.0
21,0,0.0
1,0,0.0
8,0,0.0
8,4,0.5
6,0,0.0
5,0,0.0
5,0,0.0
7,2,0.2857142857142857
38,4,0.10526315789473684
102,88,0.8627450980392157
4,0,0.0
1,1,1.0
16,12,0.75
5,1,0.2
3,0,0.0
9,0,0.0
10,0,0.0
14,0,0.0
18,10,0.5555555555555556
4,0,0.0
33,1,0.030303030303030304
28,0,0.0
17,0,0.0
2,1,0.5
1,0,0.0
29,0,0.0
9,0,0.0
8,8,1.0
16,0,0.0
17,0,0.0
15,2,0.13333333333333333
32,15,0.46875
9,5,0.5555555555555556
39,13,0.3333333333333333
12,12,1.0
3,0,0.0
7,0,0.0
3,0,0.0
3,0,0.0
2,0,0.0
30,5,0.16666666666666666
8,5,0.625
3,0,0.0
21,1,0.047619047619047616
2,1,0.5
29,3,0.10344827586206896
11,0,0.0
20,0,0.0
1,0,0.0
6,3,0.5
11,1,0.09090909090909091
7,0,0.0
8,0,0.0
16,1,0.0625
14,3,0.21428571428571427
19,18,0.9473684210526315
3,0,0.0
4,0,0.0
30,2,0.06666666666666667
79,2,0.02531645569620253
24,0,0.0
6,0,0.0
1,1,1.0
20,0,0.0
3,0,0.0
6,0,0.0
6,0,0.0
24,3,0.125
7,3,0.42857142857142855
20,2,0.1
10,0,0.0
7,2,0.2857142857142857
8,0,0.0
1,0,0.0
25,0,0.0
4,1,0.25
35,0,0.0
27,14,0.5185185185185185
2,0,0.0
1,1,1.0
1,1,1.0
24,0,0.0
2,0,0.0
20,0,0.0
1,0,0.0
6,2,0.3333333333333333
1,1,1.0
13,0,0.0
6,2,0.3333333333333333
11,5,0.45454545454545453
30,22,0.7333333333333333
6,0,0.0
6,0,0.0
1,0,0.0
15,4,0.26666666666666666
7,7,1.0
18,0,0.0
9,0,0.0
2,0,0.0
3,1,0.3333333333333333
15,2,0.13333333333333333
6,2,0.3333333333333333
7,1,0.14285714285714285
11,0,0.0
1,0,0.0
2,0,0.0
14,0,0.0
10,0,0.0
34,0,0.0
1,0,0.0
35,2,0.05714285714285714
4,0,0.0
2,0,0.0
11,0,0.0
24,1,0.041666666666666664
1,0,0.0
10,6,0.6
14,0,0.0
6,6,1.0
20,7,0.35
8,0,0.0
4,0,0.0
7,0,0.0
3,0,0.0
1,0,0.0
7,0,0.0
20,0,0.0
110,0,0.0
12,5,0.4166666666666667
7,0,0.0
8,0,0.0
9,1,0.1111111111111111
21,0,0.0
17,0,0.0
1,0,0.0
2,0,0.0
12,0,0.0
12,0,0.0
3,0,0.0
2,1,0.5
368,155,0.421195652173913
18,0,0.0
3,0,0.0
1,0,0.0
4,0,0.0
1,1,1.0
19,0,0.0
31,7,0.22580645161290322
4,0,0.0
4,2,0.5
20,0,0.0
46,0,0.0
11,0,0.0
25,1,0.04
5,0,0.0
3,0,0.0
4,2,0.5
14,0,0.0
4,0,0.0
3,0,0.0
5,0,0.0
4,0,0.0
24,0,0.0
5,3,0.6
12,10,0.8333333333333334
8,0,0.0
7,0,0.0
13,2,0.15384615384615385
4,0,0.0
4,0,0.0
39,8,0.20512820512820512
23,4,0.17391304347826086
5,0,0.0
14,2,0.14285714285714285
1,0,0.0
1,1,1.0
22,0,0.0
10,0,0.0
94,0,0.0
10,1,0.1
13,0,0.0
23,0,0.0
7,1,0.14285714285714285
4,0,0.0
16,11,0.6875
2,0,0.0
25,0,0.0
3,1,0.3333333333333333
11,0,0.0
2,0,0.0
15,10,0.6666666666666666
11,1,0.09090909090909091
24,1,0.041666666666666664
33,4,0.12121212121212122
28,0,0.0
2,0,0.0
12,0,0.0
1,0,0.0
9,0,0.0
14,0,0.0
2,0,0.0
27,27,1.0
1,0,0.0
18,0,0.0
13,13,1.0
3,0,0.0
22,0,0.0
7,0,0.0
15,0,0.0
15,0,0.0
11,2,0.18181818181818182
5,0,0.0
1,0,0.0
8,0,0.0
117,91,0.7777777777777778
33,10,0.30303030303030304
12,0,0.0
32,0,0.0
1,0,0.0
7,0,0.0
9,0,0.0
47,4,0.0851063829787234
4,0,0.0
6,0,0.0
85,0,0.0
21,11,0.5238095238095238
12,0,0.0
5,0,0.0
42,2,0.047619047619047616
16,9,0.5625
9,0,0.0
20,0,0.0
13,10,0.7692307692307693
20,0,0.0
108,0,0.0
16,0,0.0
24,1,0.041666666666666664
15,4,0.26666666666666666
8,1,0.125
9,1,0.1111111111111111
11,0,0.0
5,0,0.0
1,1,1.0
11,0,0.0
9,0,0.0
2,0,0.0
6,0,0.0
12,3,0.25
24,0,0.0
51,15,0.29411764705882354
14,5,0.35714285714285715
5,0,0.0
10,1,0.1
7,2,0.2857142857142857
1,0,0.0
30,2,0.06666666666666667
2,1,0.5
11,2,0.18181818181818182
5,0,0.0
10,0,0.0
7,1,0.14285714285714285
23,7,0.30434782608695654
3,3,1.0
19,0,0.0
15,6,0.4
12,4,0.3333333333333333
1,0,0.0
15,4,0.26666666666666666
67,0,0.0
3,0,0.0
37,1,0.02702702702702703
19,8,0.42105263157894735
24,0,0.0
3,2,0.6666666666666666
17,0,0.0
13,0,0.0
6,5,0.8333333333333334
18,5,0.2777777777777778
196,4,0.02040816326530612
14,0,0.0
7,0,0.0
5,0,0.0
20,0,0.0
20,3,0.15
4,0,0.0
2,1,0.5
1,0,0.0
13,7,0.5384615384615384
13,0,0.0
4,0,0.0
1,0,0.0
2,0,0.0
139,62,0.4460431654676259
2,0,0.0
7,0,0.0
38,2,0.05263157894736842
150,89,0.5933333333333334
1,0,0.0
10,10,1.0
17,7,0.4117647058823529
230,2,0.008695652173913044
26,9,0.34615384615384615
3,0,0.0
1,0,0.0
8,3,0.375
6,0,0.0
1,0,0.0
44,9,0.20454545454545456
2,0,0.0
6,0,0.0
7,4,0.5714285714285714
9,0,0.0
14,11,0.7857142857142857
5,0,0.0
1,1,1.0
16,0,0.0
8,0,0.0
5,0,0.0
59,0,0.0
8,0,0.0
6,0,0.0
13,1,0.07692307692307693
13,0,0.0
29,1,0.034482758620689655
107,0,0.0
8,7,0.875
6,1,0.16666666666666666
1,0,0.0
19,5,0.2631578947368421
2,2,1.0
17,0,0.0
93,0,0.0
1,0,0.0
5,0,0.0
3,1,0.3333333333333333
31,21,0.6774193548387096
1,0,0.0
21,0,0.0
6,0,0.0
6,0,0.0
3,2,0.6666666666666666
37,0,0.0
19,0,0.0
18,0,0.0
4,1,0.25
32,0,0.0
13,0,0.0
6,4,0.6666666666666666
90,0,0.0
6,0,0.0
12,1,0.08333333333333333
15,0,0.0
22,8,0.36363636363636365
12,0,0.0
27,0,0.0
8,7,0.875
12,0,0.0
25,8,0.32
26,0,0.0
12,2,0.16666666666666666
21,0,0.0
7,0,0.0
4,0,0.0
18,0,0.0
9,2,0.2222222222222222
2,0,0.0
4,0,0.0
3,1,0.3333333333333333
41,8,0.1951219512195122
26,0,0.0
12,8,0.6666666666666666
19,0,0.0
1,0,0.0
3,1,0.3333333333333333
171,6,0.03508771929824561
11,5,0.45454545454545453
15,0,0.0
31,7,0.22580645161290322
2,0,0.0
18,18,1.0
1,1,1.0
21,2,0.09523809523809523
15,0,0.0
16,1,0.0625
5,0,0.0
5,2,0.4
7,3,0.42857142857142855
7,6,0.8571428571428571
19,0,0.0
4,0,0.0
31,0,0.0
22,0,0.0
20,0,0.0
17,0,0.0
18,0,0.0
10,10,1.0
5,0,0.0
19,0,0.0
1,0,0.0
42,0,0.0
20,10,0.5
45,3,0.06666666666666667
3,0,0.0
7,0,0.0
20,7,0.35
11,0,0.0
3,0,0.0
14,0,0.0
18,8,0.4444444444444444
1,0,0.0
12,0,0.0
2,0,0.0
17,0,0.0
1,0,0.0
17,0,0.0
24,0,0.0
23,15,0.6521739130434783
3,2,0.6666666666666666
36,1,0.027777777777777776
12,1,0.08333333333333333
21,1,0.047619047619047616
1,0,0.0
7,0,0.0
194,28,0.14432989690721648
4,0,0.0
16,0,0.0
4,0,0.0
1,0,0.0
23,0,0.0
35,0,0.0
36,7,0.19444444444444445
13,6,0.46153846153846156
8,2,0.25
3,0,0.0
23,1,0.043478260869565216
9,0,0.0
14,0,0.0
211,7,0.03317535545023697
3,0,0.0
31,1,0.03225806451612903
4,0,0.0
1,0,0.0
19,13,0.6842105263157895
2,0,0.0
3,2,0.6666666666666666
1,0,0.0
23,0,0.0
26,5,0.19230769230769232
32,0,0.0
9,9,1.0
14,0,0.0
10,0,0.0
18,1,0.05555555555555555
15,0,0.0
8,3,0.375
1,1,1.0
33,0,0.0
2,0,0.0
7,1,0.14285714285714285
2,0,0.0
25,0,0.0
1,0,0.0
11,0,0.0
3,1,0.3333333333333333
25,21,0.84
20,0,0.0
9,0,0.0
13,7,0.5384615384615384
5,2,0.4
11,0,0.0
18,0,0.0
1,0,0.0
1,0,0.0
2,1,0.5
3,0,0.0
5,0,0.0
13,3,0.23076923076923078
10,0,0.0
3,0,0.0
10,1,0.1
91,9,0.0989010989010989
55,0,0.0
25,12,0.48
4,1,0.25
18,4,0.2222222222222222
5,0,0.0
10,0,0.0
9,0,0.0
20,15,0.75
9,2,0.2222222222222222
13,2,0.15384615384615385
1,0,0.0
5,0,0.0
7,3,0.42857142857142855
6,0,0.0
22,2,0.09090909090909091
3,0,0.0
2,0,0.0
3,1,0.3333333333333333
10,0,0.0
34,0,0.0
1,0,0.0
1,1,1.0
2,0,0.0
7,0,0.0
25,0,0.0
14,0,0.0
26,13,0.5
12,1,0.08333333333333333
19,0,0.0
13,5,0.38461538461538464
1,1,1.0
22,22,1.0
3,3,1.0
28,12,0.42857142857142855
13,8,0.6153846153846154
11,0,0.0
15,11,0.7333333333333333
1,0,0.0
6,0,0.0
5,0,0.0
37,3,0.08108108108108109
9,3,0.3333333333333333
37,0,0.0
2,0,0.0
18,0,0.0
1,1,1.0
11,0,0.0
12,0,0.0
1,0,0.0
4,1,0.25
30,15,0.5
1,0,0.0
241,8,0.03319502074688797
24,1,0.041666666666666664
13,0,0.0
20,9,0.45
12,3,0.25
3,3,1.0
12,6,0.5
17,0,0.0
6,3,0.5
4,0,0.0
6,2,0.3333333333333333
1,0,0.0
5,0,0.0
1,0,0.0
1,1,1.0
8,2,0.25
1,0,0.0
1,1,1.0
2,0,0.0
4,3,0.75
2,0,0.0
5,0,0.0
20,4,0.2
20,1,0.05
1,0,0.0
18,2,0.1111111111111111
12,0,0.0
4,0,0.0
9,0,0.0
9,0,0.0
5,0,0.0
6,1,0.16666666666666666
2,1,0.5
18,0,0.0
70,9,0.12857142857142856
2,0,0.0
16,2,0.125
16,2,0.125
4,0,0.0
5,1,0.2
11,6,0.5454545454545454
13,7,0.5384615384615384
14,0,0.0
4,0,0.0
10,0,0.0
1,1,1.0
10,9,0.9
28,0,0.0
5,4,0.8
12,2,0.16666666666666666
17,9,0.5294117647058824
6,5,0.8333333333333334
6,0,0.0
1,1,1.0
17,3,0.17647058823529413
14,1,0.07142857142857142
2,1,0.5
3,0,0.0
17,3,0.17647058823529413
17,2,0.11764705882352941
3,0,0.0
29,5,0.1724137931034483
1,1,1.0
19,0,0.0
24,0,0.0
13,0,0.0
7,0,0.0
26,5,0.19230769230769232
7,3,0.42857142857142855
1,0,0.0
16,0,0.0
26,5,0.19230769230769232
24,0,0.0
3,0,0.0
4,1,0.25
5,0,0.0
21,6,0.2857142857142857
1,0,0.0
4,1,0.25
9,0,0.0
1,0,0.0
2,1,0.5
2,1,0.5
44,7,0.1590909090909091
2,0,0.0
1,0,0.0
15,5,0.3333333333333333
10,0,0.0
7,0,0.0
11,0,0.0
17,0,0.0
2,0,0.0
12,1,0.08333333333333333
10,0,0.0
2,0,0.0
8,0,0.0
1,0,0.0
1,0,0.0
27,22,0.8148148148148148
14,0,0.0
10,0,0.0
5,3,0.6
2,1,0.5
36,33,0.9166666666666666
1,1,1.0
18,0,0.0
20,2,0.1
17,1,0.058823529411764705
23,6,0.2608695652173913
31,0,0.0
12,0,0.0
37,17,0.4594594594594595
12,0,0.0
7,0,0.0
3,1,0.3333333333333333
4,0,0.0
3,1,0.3333333333333333
1,0,0.0
9,8,0.8888888888888888
5,4,0.8
5,4,0.8
11,1,0.09090909090909091
8,8,1.0
27,0,0.0
10,0,0.0
15,1,0.06666666666666667
21,1,0.047619047619047616
19,2,0.10526315789473684
17,0,0.0
6,4,0.6666666666666666
5,0,0.0
25,0,0.0
19,0,0.0
1,0,0.0
1,0,0.0
82,49,0.5975609756097561
14,4,0.2857142857142857
2,0,0.0
20,0,0.0
14,4,0.2857142857142857
1,0,0.0
4,0,0.0
1,0,0.0
5,0,0.0
4,0,0.0
20,1,0.05
3,0,0.0
2,1,0.5
36,17,0.4722222222222222
2,0,0.0
4,0,0.0
20,0,0.0
15,11,0.7333333333333333
20,0,0.0
15,1,0.06666666666666667
18,0,0.0
9,6,0.6666666666666666
7,0,0.0
1,0,0.0
26,4,0.15384615384615385
7,7,1.0
14,1,0.07142857142857142
292,0,0.0
16,0,0.0
1,0,0.0
26,0,0.0
3,0,0.0
7,0,0.0
19,0,0.0
10,0,0.0
3,0,0.0
3,0,0.0
19,0,0.0
15,0,0.0
23,0,0.0
29,5,0.1724137931034483
11,0,0.0
1,0,0.0
9,0,0.0
349,347,0.994269340974212
12,0,0.0
3,0,0.0
20,0,0.0
8,0,0.0
31,0,0.0
15,0,0.0
3,1,0.3333333333333333
3,0,0.0
10,0,0.0
2,0,0.0
22,0,0.0
10,1,0.1
42,35,0.8333333333333334
2,0,0.0
5,0,0.0
5,0,0.0
21,11,0.5238095238095238
7,4,0.5714285714285714
4,2,0.5
23,7,0.30434782608695654
8,1,0.125
44,0,0.0
3,1,0.3333333333333333
13,0,0.0
12,0,0.0
3,0,0.0
17,0,0.0
19,0,0.0
28,0,0.0
15,1,0.06666666666666667
1,0,0.0
2,0,0.0
16,0,0.0
18,0,0.0
79,0,0.0
1,0,0.0
1,1,1.0
5,0,0.0
12,0,0.0
6,4,0.6666666666666666
24,0,0.0
4,1,0.25
29,2,0.06896551724137931
18,6,0.3333333333333333
13,0,0.0
1,0,0.0
13,0,0.0
55,9,0.16363636363636364
18,0,0.0
2,0,0.0
35,4,0.11428571428571428
1,0,0.0
10,0,0.0
143,138,0.965034965034965
1,0,0.0
5,1,0.2
15,0,0.0
35,0,0.0
26,0,0.0
25,1,0.04
23,0,0.0
1,0,0.0
27,19,0.7037037037037037
1,0,0.0
4,0,0.0
11,11,1.0
21,0,0.0
3,0,0.0
15,11,0.7333333333333333
12,6,0.5
14,0,0.0
31,3,0.0967741935483871
12,3,0.25
1,0,0.0
10,7,0.7
16,0,0.0
11,1,0.09090909090909091
18,6,0.3333333333333333
27,2,0.07407407407407407
4,0,0.0
19,1,0.05263157894736842
10,0,0.0
1,0,0.0
2,0,0.0
13,13,1.0
9,0,0.0
24,0,0.0
3,0,0.0
13,9,0.6923076923076923
13,0,0.0
1,0,0.0
1,0,0.0
2,0,0.0
31,0,0.0
15,0,0.0
1,0,0.0
3,0,0.0
14,0,0.0
22,2,0.09090909090909091
2,0,0.0
2,0,0.0
11,0,0.0
39,2,0.05128205128205128
16,0,0.0
8,1,0.125
5,0,0.0
6,0,0.0
8,0,0.0
17,0,0.0
6,0,0.0
12,3,0.25
30,4,0.13333333333333333
14,1,0.07142857142857142
24,0,0.0
27,0,0.0
1,0,0.0
10,0,0.0
1,0,0.0
10,1,0.1
5,0,0.0
12,0,0.0
3,0,0.0
3,0,0.0
12,0,0.0
105,93,0.8857142857142857
1,0,0.0
16,1,0.0625
12,0,0.0
6,1,0.16666666666666666
4,0,0.0
12,0,0.0
43,1,0.023255813953488372
2,2,1.0
2,1,0.5
29,0,0.0
16,1,0.0625
1,0,0.0
14,1,0.07142857142857142
13,3,0.23076923076923078
35,3,0.08571428571428572
22,0,0.0
26,0,0.0
17,2,0.11764705882352941
3,3,1.0
12,0,0.0
2,0,0.0
12,1,0.08333333333333333
1,0,0.0
8,5,0.625
6,0,0.0
15,2,0.13333333333333333
25,10,0.4
32,23,0.71875
1,1,1.0
2,1,0.5
3,0,0.0
14,0,0.0
16,2,0.125
11,0,0.0
4,0,0.0
16,1,0.0625
31,4,0.12903225806451613
10,0,0.0
21,0,0.0
18,0,0.0
5,4,0.8
2,0,0.0
2,2,1.0
26,8,0.3076923076923077
11,0,0.0
2,0,0.0
21,0,0.0
1,0,0.0
25,0,0.0
2,1,0.5
3,0,0.0
15,8,0.5333333333333333
5,0,0.0
10,1,0.1
1,0,0.0
14,1,0.07142857142857142
1,0,0.0
13,0,0.0
6,0,0.0
25,3,0.12
1,0,0.0
1,0,0.0
16,0,0.0
1,0,0.0
19,0,0.0
2,0,0.0
2,0,0.0
33,32,0.9696969696969697
8,3,0.375
3,0,0.0
7,0,0.0
17,1,0.058823529411764705
5,3,0.6
5,0,0.0
34,32,0.9411764705882353
22,0,0.0
1,1,1.0
1,0,0.0
2,0,0.0
5,2,0.4
1,0,0.0
4,0,0.0
1,0,0.0
2,0,0.0
7,0,0.0
13,1,0.07692307692307693
6,2,0.3333333333333333
2,0,0.0
14,12,0.8571428571428571
1,0,0.0
43,0,0.0
17,0,0.0
10,10,1.0
20,0,0.0
5,0,0.0
6,0,0.0
2,0,0.0
3,0,0.0
2,0,0.0
43,11,0.2558139534883721
32,11,0.34375
2,0,0.0
32,22,0.6875
8,0,0.0
24,0,0.0
2,0,0.0
10,1,0.1
27,2,0.07407407407407407
24,2,0.08333333333333333
22,0,0.0
9,0,0.0
9,4,0.4444444444444444
8,0,0.0
25,4,0.16
74,1,0.013513513513513514
1,0,0.0
5,0,0.0
3,0,0.0
43,8,0.18604651162790697
8,0,0.0
25,9,0.36
1,0,0.0
12,1,0.08333333333333333
9,6,0.6666666666666666
184,37,0.20108695652173914
3,0,0.0
2,1,0.5
10,0,0.0
2,0,0.0
1,0,0.0
10,1,0.1
35,0,0.0
16,8,0.5
22,0,0.0
9,0,0.0
3,1,0.3333333333333333
19,3,0.15789473684210525
45,1,0.022222222222222223
9,0,0.0
38,1,0.02631578947368421
25,2,0.08
20,0,0.0
34,18,0.5294117647058824
7,0,0.0
4,3,0.75
19,0,0.0
63,59,0.9365079365079365
19,4,0.21052631578947367
4,0,0.0
19,0,0.0
173,0,0.0
1,0,0.0
3,0,0.0
43,0,0.0
1,0,0.0
10,0,0.0
4,0,0.0
5,0,0.0
32,0,0.0
18,0,0.0
21,6,0.2857142857142857
10,0,0.0
5,0,0.0
22,4,0.18181818181818182
1,0,0.0
31,2,0.06451612903225806
11,0,0.0
21,0,0.0
11,0,0.0
5,0,0.0
4,0,0.0
4,0,0.0
4,0,0.0
26,1,0.038461538461538464
1,0,0.0
24,3,0.125
13,0,0.0
17,0,0.0
29,27,0.9310344827586207
7,7,1.0
9,1,0.1111111111111111
9,0,0.0
3,0,0.0
24,14,0.5833333333333334
10,0,0.0
5,0,0.0
12,0,0.0
9,0,0.0
17,3,0.17647058823529413
11,0,0.0
119,89,0.7478991596638656
7,0,0.0
6,0,0.0
6,0,0.0
1,0,0.0
4,0,0.0
16,0,0.0
12,0,0.0
1,0,0.0
5,0,0.0
4,0,0.0
27,1,0.037037037037037035
1,1,1.0
14,0,0.0
3,0,0.0
26,17,0.6538461538461539
3,0,0.0
10,8,0.8
9,9,1.0
1,0,0.0
15,5,0.3333333333333333
4,0,0.0
115,63,0.5478260869565217
6,0,0.0
3,0,0.0
1,0,0.0
22,1,0.045454545454545456
8,0,0.0
56,8,0.14285714285714285
1,0,0.0
4,1,0.25
14,0,0.0
2,0,0.0
17,0,0.0
9,0,0.0
1,0,0.0
3,1,0.3333333333333333
2,2,1.0
13,5,0.38461538461538464
3,0,0.0
23,16,0.6956521739130435
18,0,0.0
8,0,0.0
26,0,0.0
20,17,0.85
122,0,0.0
1,0,0.0
16,11,0.6875
17,0,0.0
1,0,0.0
3,0,0.0
2,0,0.0
9,0,0.0
5,2,0.4
5,1,0.2
31,0,0.0
44,3,0.06818181818181818
3,1,0.3333333333333333
2,0,0.0
25,4,0.16
13,0,0.0
14,2,0.14285714285714285
25,3,0.12
3,0,0.0
11,0,0.0
11,7,0.6363636363636364
15,5,0.3333333333333333
36,0,0.0
7,0,0.0
5,0,0.0
7,0,0.0
2,0,0.0
5,0,0.0
1,1,1.0
28,25,0.8928571428571429
27,0,0.0
23,12,0.5217391304347826
11,11,1.0
15,8,0.5333333333333333
32,4,0.125
1,0,0.0
1,0,0.0
16,0,0.0
3,0,0.0
8,1,0.125
10,0,0.0
21,0,0.0
26,14,0.5384615384615384
23,0,0.0
7,2,0.2857142857142857
14,0,0.0
23,0,0.0
4,4,1.0
5,4,0.8
5,0,0.0
2,0,0.0
4,3,0.75
1,0,0.0
1,0,0.0
13,10,0.7692307692307693
32,10,0.3125
22,0,0.0
6,0,0.0
67,0,0.0
4,0,0.0
28,12,0.42857142857142855
15,0,0.0
18,1,0.05555555555555555
24,0,0.0
10,0,0.0
153,2,0.013071895424836602
11,7,0.6363636363636364
1,0,0.0
4,0,0.0
21,0,0.0
7,3,0.42857142857142855
1,1,1.0
2,0,0.0
8,1,0.125
19,0,0.0
65,21,0.3230769230769231
31,0,0.0
15,0,0.0
9,7,0.7777777777777778
13,3,0.23076923076923078
8,1,0.125
12,0,0.0
10,0,0.0
3,0,0.0
2,1,0.5
6,1,0.16666666666666666
10,1,0.1
22,6,0.2727272727272727
2,1,0.5
1,1,1.0
1,0,0.0
3,0,0.0
21,0,0.0
12,2,0.16666666666666666
13,7,0.5384615384615384
10,0,0.0
20,0,0.0
28,0,0.0
3,0,0.0
18,0,0.0
5,1,0.2
22,0,0.0
8,1,0.125
26,0,0.0
2,0,0.0
3,0,0.0
37,0,0.0
12,0,0.0
4,0,0.0
20,7,0.35
13,0,0.0
6,0,0.0
6,2,0.3333333333333333
14,9,0.6428571428571429
18,0,0.0
21,3,0.14285714285714285
20,15,0.75
14,0,0.0
17,2,0.11764705882352941
2,2,1.0
3,0,0.0
3,0,0.0
13,1,0.07692307692307693
32,0,0.0
2,0,0.0
20,0,0.0
2,0,0.0
7,2,0.2857142857142857
2,0,0.0
14,6,0.42857142857142855
5,0,0.0
13,0,0.0
4,0,0.0
27,4,0.14814814814814814
116,0,0.0
5,0,0.0
26,23,0.8846153846153846
33,0,0.0
4,0,0.0
5,2,0.4
1,0,0.0
56,0,0.0
13,5,0.38461538461538464
6,1,0.16666666666666666
5,2,0.4
15,2,0.13333333333333333
24,21,0.875
24,1,0.041666666666666664
4,0,0.0
11,0,0.0
19,0,0.0
4,4,1.0
2,0,0.0
11,0,0.0
2,0,0.0
2,2,1.0
7,1,0.14285714285714285
23,14,0.6086956521739131
1,0,0.0
6,0,0.0
51,36,0.7058823529411765
12,0,0.0
1,0,0.0
6,0,0.0
29,0,0.0
2,0,0.0
9,0,0.0
25,6,0.24
11,0,0.0
1,1,1.0
15,2,0.13333333333333333
18,0,0.0
17,16,0.9411764705882353
4,1,0.25
9,9,1.0
16,0,0.0
27,3,0.1111111111111111
